NO;LOKASI PENGUNGSIAN;ALAMAT
JAKARTA PUSAT;;
1;Apartemen Batavia;Jl. K.H. Mas Mansyur, Karet Tengsin, Kecamatan Tanah Abang, Kota Jakarta Pusat, Daerah Khusus Ibukota Jakarta 10220
2;Masjid Matlaul Anwar;Jl. Karet Pasar Baru Barat 4 No.8, RT.6/RW.4, Karet Tengsin, Kecamatan Tanah Abang, Kota Jakarta Pusat, Daerah Khusus Ibukota Jakarta 10250
3;GOR Kecamatan Tanah Abang;Jl. Mutiara No.16, RT.14/RW.5, Karet Tengsin, Kecamatan Tanah Abang, Kota Jakarta Pusat, Daerah Khusus Ibukota Jakarta 10250
4;RPTRA Segas;Jl. Karet Pasar Baru Barat I No.004 /06, RT.6/RW.7, Karet Tengsin, Kecamatan Tanah Abang, Kota Jakarta Pusat, Daerah Khusus Ibukota Jakarta 10220
5;Masjid Itishom;Jl. H. Abdul Jalil No.9, RT.10/RW.9, Karet Tengsin, Kecamatan Tanah Abang, Kota Jakarta Pusat, Daerah Khusus Ibukota Jakarta 10250
6;Parkiran Prince Center ;Prince Center, Jl. Jenderal Sudirman No.Kav 3 10, RT.10/RW.4, Karet Tengsin, Kecamatan Tanah Abang, Kota Jakarta Pusat, Daerah Khusus Ibukota Jakarta 10220
7;Masjid Al Jihad;Jl. Kramat Jaya RT 001 RW 01 No.38, RT.1/RW.1, Johar Baru, Kec. Johar Baru, Kota Jakarta Pusat, Daerah Khusus Ibukota Jakarta 10560
8;Masjid An-Nur;Jl. Kelinci III No.41, RT.11/RW.4, Ps. Baru, Kecamatan Sawah Besar, Kota Jakarta Pusat, Daerah Khusus Ibukota Jakarta 10710
9;RS Siloam;10, Jl. Pasar Baru Timur Dalam No.9, RT.10/RW.4, Pasar Baru, Sawah Besar, Central Jakarta City, Jakarta 10710
JAKARTA UTARA;;
1;Rusun Semper Barat;Jl. Belibis V, RT.19/RW.4, Semper Bar., Kec. Cilincing, Jkt Utara, Daerah Khusus Ibukota Jakarta 14130
2;Rusun Embrio;Jl. Belibis V, RT.19/RW.4, Semper Bar., Kec. Cilincing, Jkt Utara, Daerah Khusus Ibukota Jakarta 14130
3;RPTRA Triputra Persada & Aula Cece Rahma;RPTRA TRIPUTRA PERSADA HIJAU, ASRAMA LINGKUNGAN HIDUP, RT.3/RW.3, Semper Bar., Kec. Cilincing, Jkt Utara, Daerah Khusus Ibukota Jakarta 14130
4;SMP Yaspi;Jl. Kebersihan No.1, RT.4/RW.4, Semper Bar., Kec. Cilincing, Jkt Utara, Daerah Khusus Ibukota Jakarta 14130
5;RPTRA Intiland Teduh ;Jl. Komp. Pemadam Kebakaran No.71, RT.14/RW.1, Semper Bar., Kec. Cilincing, Jkt Utara, Daerah Khusus Ibukota Jakarta 14130
6;SMP 143;Jl. Cilincing Bakti No.9 No.1 1, RT.1/RW.6, Cilincing, Kec. Cilincing, Jkt Utara, Daerah Khusus Ibukota Jakarta 14120
7;Aula Kelurahan Cilincing ;Jl. Cilincing No.36, RT.4/RW.9, Cilincing, Kec. Cilincing, Jkt Utara, Daerah Khusus Ibukota Jakarta 14120
8;SDN 02 Cilincing;Jl. Bakti VI, RT.5/RW.9, Cilincing, Kec. Cilincing, Jkt Utara, Daerah Khusus Ibukota Jakarta 14120
9;Masjid Baiturahim ;Jl. Tlk. Langsa No.10, RT.1/RW.8, Sukapura, Kec. Cilincing, Jkt Utara, Daerah Khusus Ibukota Jakarta 14140
10;SD 09 Pejagalan;Jl. Cenang I, RT.7/RW.12, Pejagalan, Kecamatan Penjaringan, Jkt Utara, Daerah Khusus Ibukota Jakarta 14450
11;Masjid Baitul Muttaqin ;Jl. Gusti Permata 9 No.11 3, RT.11/RW.15, Pejagalan, Kecamatan Penjaringan, Jkt Utara, Daerah Khusus Ibukota Jakarta 14450
13;Kantor Kelurahan Pejagalan;Jl. Boncel No.1 8, RT.8/RW.12, Pejagalan, Kecamatan Penjaringan, Jkt Utara, Daerah Khusus Ibukota Jakarta 14450
14;Kantor Kelurahan Pegangsaan Dua;Blok PA 3, Jl. Raya Kelapa Nias No.8, RT.1/RW.14, Pegangsaan Dua, Kec. Klp. Gading, Jkt Utara, Daerah Khusus Ibukota Jakarta 14250
JAKARTA BARAT;;
1;Masjid Jami' Ar-Rohmah;Jl. Daan Mogot No.35B, RT.5/RW.1, Semanan, Kec. Kalideres, Kota Jakarta Barat, Daerah Khusus Ibukota Jakarta 11850
2;Masjid Baitunnur ;Jl. Kp. Malang No.Rt09/03, RT.9/RW.3, Semanan, Kec. Kalideres, Kota Jakarta Barat, Daerah Khusus Ibukota Jakarta 11850
3;Kantor PDI;Jl. Semanan Pintu Air No.08, RT.10/RW.8, Semanan, Kec. Kalideres, Kota Jakarta Barat, Daerah Khusus Ibukota Jakarta 11850
4;Kantor Kelurahan Semanan;Jl. Semanan Raya No.45 6, RT.6/RW.7, Semanan, Kec. Kalideres, Kota Jakarta Barat, Daerah Khusus Ibukota Jakarta 11850
5;Sekolah SD 02 Semanan ;Jl.Semanan Raya No.38 Rt.006/007, RT.6/RW.7, Semanan, Kec. Kalideres, Kota Jakarta Barat, Daerah Khusus Ibukota Jakarta 11850
6;Masjid Hasyim Ashari;Jalan Daan Mogot KM 14,5 No.14, RT.3/RW.14, Duri Kosambi, Kecamatan Cengkareng, Kota Jakarta Barat, Daerah Khusus Ibukota Jakarta 11750
7;TK AL-Amin & Yayasan Putri Mandiri;Jl. Nuri I No.15, RT.8/RW.6, Cengkareng Bar., Kecamatan Cengkareng, Kota Jakarta Barat, Daerah Khusus Ibukota Jakarta 11730
8;Masjid Assalam;Jl. Merpati I No.06 4, RT.4/RW.5, Cengkareng Bar., Kecamatan Cengkareng, Kota Jakarta Barat, Daerah Khusus Ibukota Jakarta 11540
9;Masjid Al Barokah;Jl. Cendrawasih Raya, RT.8/RW.7, Cengkareng Bar., Kecamatan Cengkareng, Kota Jakarta Barat, Daerah Khusus Ibukota Jakarta 11730
10;Gereja Trinitas;Jl. Utama III No.23, RT.11/RW.3, Cengkareng Bar., Kecamatan Cengkareng, Kota Jakarta Barat, Daerah Khusus Ibukota Jakarta 11730
11;Masjid Baiturrahman;Jl. Mesjid Raya No.RT. 08/02 9, RT.8/RW.5, Cengkareng Bar., Kecamatan Cengkareng, Kota Jakarta Barat, Daerah Khusus Ibukota Jakarta 11730
12;SDN 07 Pagi Cengkareng Barat;Jl. Rw. Kramat No.4 1, RT.4/RW.4, Cengkareng Bar., Kecamatan Cengkareng, Kota Jakarta Barat, Daerah Khusus Ibukota Jakarta 11730
13;RPTRA Anggrek;Jl. Komp. Kebersihan Dpu Jl. Menceng Raya, RT.8/RW.4, Tegal Alur, Kec. Kalideres, Kota Jakarta Barat, Daerah Khusus Ibukota Jakarta 11820
14;SDN 01 Kembangan;1, Jl. Kembangan Utara No.83, RT.1/RW.2, Kembangan Utara, Kec. Kembangan, Kota Jakarta Barat, Daerah Khusus Ibukota Jakarta 11610
15;SDN 09 Kedoya Utara;Jl. Kedoya Raya Pesing Koneng No.RT. 010/08, RT.14/RW.8, Kedoya Utara, Kec. Kb. Jeruk, Kota Adm. Jakarta Barat, Daerah Khusus Ibukota Jakarta 11520
16;Gereja Siti Maryam;Jl. Kedoya Pesing, Kedoya Utara, Kec. Kb. Jeruk, Kota Jakarta Barat, Daerah Khusus Ibukota Jakarta 11520
17;SDN 05 dan 014, Kapuk;Jl. Mawar SCB No.7 4, RT.7/RW.1, Kapuk, Kecamatan Cengkareng, Kota Jakarta Barat, Daerah Khusus Ibukota Jakarta 11720
18;SMP 100 Kapuk;Jl. Obsidian No.1 3, RT.3/RW.8, Kapuk, Kecamatan Cengkareng, Kota Jakarta Barat, Daerah Khusus Ibukota Jakarta 11720
19;Masjid Jami' Al-Amin;Jl. Alamin No.165 17, RT.3/RW.12, Kapuk, Kecamatan Cengkareng, Kota Jakarta Barat, Daerah Khusus Ibukota Jakarta 11720
20;Majlis Ta'lim Miftahul;Jl. Pedongkelan Baru No.9, RT.8/RW.16, Kapuk, Kecamatan Cengkareng, Kota Jakarta Barat, Daerah Khusus Ibukota Jakarta 11720
21;Masjid At-Taqwa;RT.6/RW.2, Kedaung Kali Angke, Kecamatan Cengkareng, Kota Jakarta Barat, Daerah Khusus Ibukota Jakarta 11710
22;Masjid Uswatun Hasanah;Jl.Daan Mogot No.100 Pesing, RT.1/RW.5, Kedaung Kali Angke, Kecamatan Cengkareng, Kota Jakarta Barat, Daerah Khusus Ibukota Jakarta 11710
23;Masjid darul Arqom;Jl. Swadaya Jl. Daan Mogot No.6, RT.6/RW.5, Kedaung Kali Angke, Kecamatan Cengkareng, Kota Jakarta Barat, Daerah Khusus Ibukota Jakarta 11710
24;Masjid Al-Fudholla;Gg. H. Musanif No.49 1, RT.1/RW.8, Kedaung Kali Angke, Kecamatan Cengkareng, Kota Jakarta Barat, Daerah Khusus Ibukota Jakarta 11710
25;Masjid RW KH.Hasyim Asyari;Jalan Daan Mogot KM 14,5 No.14, RT.3/RW.14, Duri Kosambi, Kecamatan Cengkareng, Kota Jakarta Barat, Daerah Khusus Ibukota Jakarta 11750
26;RPTRA Carina Sayang;Jl. Kacang Tanah Raya, RT.5/RW.10, Rw. Buaya, Kecamatan Cengkareng, Kota Jakarta Barat, Daerah Khusus Ibukota Jakarta 11740
27;Masjid Al-Ittihadiyah;RT.3, Rw. Buaya, Kecamatan Cengkareng, Kota Jakarta Barat, Daerah Khusus Ibukota Jakarta 11740
28;Sekolah Vianney;Jl. Bojong Raya No.98, RT.14/RW.4, Rw. Buaya, Kecamatan Cengkareng, Kota Jakarta Barat, Daerah Khusus Ibukota Jakarta 11740
29;Sekolah SDN 07 & 08 Rawa Buaya;Jl. Bojong Raya No.7 2, RT.2/RW.4, Rw. Buaya, Kecamatan Cengkareng, Kota Jakarta Barat, Daerah Khusus Ibukota Jakarta 11740
30;RPTRA Intiland Rawa Buaya;Jl. Bojong Raya No.66 5, RT.5/RW.5, Rw. Buaya, Kecamatan Cengkareng, Kota Jakarta Barat, Daerah Khusus Ibukota Jakarta 11740
JAKARTA SELATAN;;
1;Masjid Al Falah;RT.5/RW.6, Mampang Prpt., Kec. Mampang Prpt., Kota Jakarta Selatan, Daerah Khusus Ibukota Jakarta 12790
2;Masjid Ariyad;Jl. Tegal Parang Utara VI No.16, RT.16/RW.4, Mampang Prpt., Kec. Mampang Prpt., Kota Jakarta Selatan, Daerah Khusus Ibukota Jakarta 12790
3;Gedung ICON;Jl. Kh. Abdul Rochim No.1, RT.9/RW.1, Kuningan Bar., Kec. Mampang Prpt., Kota Jakarta Selatan, Daerah Khusus Ibukota Jakarta 12710
4;Masjid At Taysier;Rt. 005/04, Jl. Poncol Jaya, RT.5/RW.4, Kuningan Bar., Kec. Mampang Prpt., Kota Jakarta Selatan, Daerah Khusus Ibukota Jakarta 12710
5;Masjid Darussalam;Jl. Poncol Jaya No.41 11, RT.11/RW.5, Kuningan Bar., Kec. Mampang Prpt., Kota Jakarta Selatan, Daerah Khusus Ibukota Jakarta 12710
6;SDN Manggarai 01 Pagi;Jl. Manggarai Utara 1 No.6, RT.1/RW.1, Manggarai, Kec. Tebet, Kota Jakarta Selatan, Daerah Khusus Ibukota Jakarta 12850
7;Kantor Kelurahan Manggarai;Jl. Lap.Menara Air No.7, RT.7/RW.11, Manggarai, Kec. Tebet, Kota Jakarta Selatan, Daerah Khusus Ibukota Jakarta 12850
8;Masjid Al-Aliyah;JL H, RT 09 RW 09, Tebet, RT.6/RW.14, Kb. Baru, Kec. Tebet, Kota Jakarta Selatan, Daerah Khusus Ibukota Jakarta 12830
9;Masjid Al-Atiqa;Jl. Kp. Melayu Besar Jl. Mesjid 1, RT.1/RW.1, Kb. Baru, Kec. Tebet, Kota Jakarta Selatan, Daerah Khusus Ibukota Jakarta 12830
10;GOR Kecamatan Kebayoran Lama;70 Jalan Peninggaran Barat IV No. 3, Jl. Peninggaran Barat III No.73, RT.12/RW.11, Kby. Lama Utara, Kec. Kebayoran Lama, Kota Jakarta Selatan, Daerah Khusus Ibukota Jakarta 12240
11;GOR Peninggaran;Komp. Seskoal, RT.1/RW.11, RT.1/RW.11, Cipulir, Kec. Kebayoran Lama, Kota Jakarta Selatan, Daerah Khusus Ibukota Jakarta 12230
12;RPTRA Dwi Chandra Loka;4, RT.4/RW.9, North Kebayoran Lama, Kebayoran Lama, South Jakarta City, Jakarta 12240
13;Menara Mulia;Jl. Gatot Subroto No.Kav 8 / 67 2, RT.2/RW.4, Karet Semanggi, Kecamatan Setiabudi, Kota Jakarta Selatan, Daerah Khusus Ibukota Jakarta 12930
14;Masjid Al-Istiqmal;RT.1/RW.6, Tegal Parang, Mampang prpt., Kota Jakarta Selatan, Daerah Khusus Ibukota Jakarta 12790
15;Masjid Al-Istiqomah;Jl. Masjid Al-Istiqomah No.5, RT.5/RW.5, Tegal Parang, Kec. Mampang Prpt., Kota Jakarta Selatan, Daerah Khusus Ibukota Jakarta 12790
16;Masjid Baitul Halim;Jl. Mampang Prapatan V No.3 5, RT.5/RW.3, Tegal Parang, Kec. Mampang Prpt., Kota Jakarta Selatan, Daerah Khusus Ibukota Jakarta 12790
17;Masjid Al Furqon;Jl. jatipadang Utara Dalam, RT.9/RW.2, Jati Padang, Ps. Minggu, Kota Jakarta Selatan, Daerah Khusus Ibukota Jakarta 12540
18;Masjid Ar Ridwan;Jl. Jati Padang Raya Jl. Masjid Al Ridwan No.50 6, RT.6/RW.9, Jati Padang, Ps. Minggu, Kota Jakarta Selatan, Daerah Khusus Ibukota Jakarta 12540
19;Yayasan Al Achyar;Jl. Benda Raya No.1, RT.5/RW.4, Cilandak Tim., Ps. Minggu, Kota Jakarta Selatan, Daerah Khusus Ibukota Jakarta 12560
20;Sekolah NIS;Jalan NIS, Jl. Kenanga Terusan Jl. Ampera Raya No.1, RT.4/RW.3, Cilandak Tim., Ps. Minggu, Jakarta, Daerah Khusus Ibukota Jakarta 12560
21;RPTRA Baung;Jl. Baung III No.12 4, RT.4/RW.2, Kebagusan, Ps. Minggu, Kota Jakarta Selatan, Daerah Khusus Ibukota Jakarta 12520
22;Yayasan Yatim ;RT 006/05, kalibata, pancoran, jakarta selatan
23;Musholla Ainul Yakin;Jl. G.M.Ainul Yaqin No.27 10, RT.1/RW.9, Kalibata, Kec. Pancoran, Kota Jakarta Selatan, Daerah Khusus Ibukota Jakarta 12740
24;Masjid Raudatul Solihin;No Jl. Cikoko No.32 1, RT.1/RW.1, Cikoko, Kec. Pancoran, Kota Jakarta Selatan, Daerah Khusus Ibukota Jakarta 12770
25;Musholah Nurul Islam;Jl. Pancoran Barat IXF No.22 8, RT.8/RW.3, Pancoran, Kec. Pancoran, Kota Jakarta Selatan, Daerah Khusus Ibukota Jakarta 12780
26;SDN 05 Rawajati;Jl. Zeni Ad I No.25 2, RT.2/RW.3, Rawajati, Kec. Pancoran, Kota Jakarta Selatan, Daerah Khusus Ibukota Jakarta 12750
27;Masjid Hizbulwaton;Jl. Zeni Ad 4 No.9, RT.9/RW.3, Rawajati, Kec. Pancoran, Kota Jakarta Selatan, Daerah Khusus Ibukota Jakarta 12750
28;Puskesmas Rawajati;Jl. Binawarga No.11, RT.5/RW.7, Rawajati, Kec. Pancoran, Kota Jakarta Selatan, Daerah Khusus Ibukota Jakarta 12750
29;Rusun Pengadegan;Jl. Pengadegan Timur I, RT.7/RW.1, Pengadegan, Kec. Pancoran, Kota Jakarta Selatan, Daerah Khusus Ibukota Jakarta 12770
30;GOR Kecamatan Pancoran;Jl. Pengadegan Timur I No.9D, RT.6/RW.1, Pengadegan, Kec. Pancoran, Kota Jakarta Selatan, Daerah Khusus Ibukota Jakarta 12770
31;Kantor Kecamatan Pancoran;Jl. Pengadegan Timur II No.2 4, RT.4/RW.2, Pengadegan, Kec. Pancoran, Kota Jakarta Selatan, Daerah Khusus Ibukota Jakarta 12770
32;TPU Kampung Kandang;Jl. Raya Jagakarsa, RT.9/RW.3, Jagakarsa, Kec. Jagakarsa, Kota Jakarta Selatan, Daerah Khusus Ibukota Jakarta 12620
33;SMA 97 Brigif;Jl. Brigif II No.2 12, RT.9/RW.6, Ciganjur, Kec. Jagakarsa, Kota Jakarta Selatan, Daerah Khusus Ibukota Jakarta 12630
34;Masjid Jami Al Umariyah;Jl. Madrasah, RT.1/RW.4, Bintaro, Kec. Pesanggrahan, Kota Jakarta Selatan, Daerah Khusus Ibukota Jakarta 12330
35;MTS Al-Jihadiah;Jl. Madrasah No.33 1, RT.1/RW.12, Bintaro, Kec. Pesanggrahan, Kota Jakarta Selatan, Daerah Khusus Ibukota Jakarta 12330
36;Gereja GPIB sejahtera;Jl. Reformasi Gg. Jambe No.15, RT.6/RW.4, Petukangan Utara, Kec. Pesanggrahan, Kota Jakarta Selatan, Daerah Khusus Ibukota Jakarta 12260
JAKARTA TIMUR;;
1;Masjid Istiqomah;Jl. Dermaga No.26 Blok D, RT.13/RW.11, Klender, Kec. Duren Sawit, Kota Jakarta Timur, Daerah Khusus Ibukota Jakarta 13470
2;SDN 03 Bidara Cina;Jalan Setia No. 10, Jatinegara, RT.13/RW.2, Bidara Cina, Kecamatan Jatinegara, Kota Jakarta Timur, Daerah Khusus Ibukota Jakarta 13330
3;Posko GOR Otista;Jalan Otista Raya No.121, RT.6/RW.8, Kampung Melayu, RT.JatinegaraRT.13/RW.8, Bidara CinaKecamatan, Jatinegara, East Jakarta City, Jakarta 13330
4;Kantor Kel. Kp. Melayu;Jl. Kb. Pala No.RT.1 3, RT.3/RW.5, Kp. Melayu, Kecamatan Jatinegara, Kota Jakarta Timur, Daerah Khusus Ibukota Jakarta 13320
5;SMPN 26 Kp. Melayu;Jl. Kb. Pala I No.28 3, RT.3/RW.5, Kp. Melayu, Kecamatan Jatinegara, Kota Jakarta Timur, Daerah Khusus Ibukota Jakarta 13320
6;Masjid Itthadul Ikhwan;Jl. Kebon Pala 1 Tanah Rendah, Gg. XIV No.RT.8, RT.8, RT.7/RW.8, Bidara Cina, Jatinegara, East Jakarta City, Jakarta 13320
7;Kantor Sudin Kesehatan;Jl. Matraman Raya No.218, RT.3/RW.6, Bali Mester, Kecamatan Jatinegara, Kota Jakarta Timur, Daerah Khusus Ibukota Jakarta 13310
8;Rusunawa JatinegaraBarat;Jl. Jatinegara Bar. No.10, RT.10/RW.1, Kp. Melayu, Kecamatan Jatinegara, Kota Jakarta Timur, Daerah Khusus Ibukota Jakarta 13320
9;Musholla Al Muhajirin;RT.11/RW.4, Balekambang, Kec. Kramat jati, Kota Jakarta Timur, Daerah Khusus Ibukota Jakarta 13530
10;Belakang RS. Budi Asih;Jl. Dewi Sartika No.200, RT.1/RW.3, Cawang, Kec. Kramat jati, Kota Jakarta Timur, Daerah Khusus Ibukota Jakarta 13630
11;Universitas Binawan;Jl. Dewi Sartika No.25-30, Kalibata, Kec. Kramat jati, Kota Jakarta Timur, Daerah Khusus Ibukota Jakarta 13630
12;Kantor Kec. Kramat Jati;Jl. Raya Bogor No.KM.20, RT.14/RW.11, Kramat Jati, Kec. Kramat jati, Kota Jakarta Timur, Daerah Khusus Ibukota Jakarta 13510
13;Musholla Al- Hikmah;Jl. Dato Tonggara IV No.5, RT.5/RW.11, Kramat Jati, Kec. Kramat jati, Kota Jakarta Timur, Daerah Khusus Ibukota Jakarta 13510
14;Masjid Al Amin;Jl. Al Amin No.8 2, RT.2/RW.6, Kramat Jati, Kec. Kramat jati, Kota Jakarta Timur, Daerah Khusus Ibukota Jakarta 13510
15;RPTRA Cililitan;Blok Haji Yusuf No., Jalan Buluh Blok Haji Yusuf No.73/7, RT.9/RW.16, Cililitan, Kramatjati, RT.9/RW.16, Cililitan, Kec. Kramat jati, Kota Jakarta Timur, Daerah Khusus Ibukota Jakarta 13640
16;SD 04 Cakung Barat;11, RT.11/RW.7, West Cakung, Cakung, East Jakarta City, Jakarta 13910
17;Masjid Al Muqorobbin;Jl. Al-Muqorrobin, RT.5/RW.3, Cipinang Melayu, Kec. Makasar, Kota Jakarta Timur, Daerah Khusus Ibukota Jakarta 13620
18;Mesjid Kampus Borobudur;9, RT.9/RW.4, Cipinang Melayu, Kec. Makasar, Kota Jakarta Timur, Daerah Khusus Ibukota Jakarta 13620
19;Kantor Kel Halim Perdanakusuma;Jl. Squadron No.1A 10, RT.10/RW.5, Halim Perdanakusuma, Kec. Makasar, Kota Jakarta Timur, Daerah Khusus Ibukota Jakarta 13570
20;Yayasan Yatim Piatu Nurul Hikmah Halim PK;Jl. Kp. Baru 1 No.110, RT.2/RW.5, Halim Perdanakusuma, Kec. Makasar, Kota Jakarta Timur, Daerah Khusus Ibukota Jakarta 13610
21;Mushola Al. Ikhwan;Jl. Asri No.6 10, RT.10/RW.7, Halim Perdanakusuma, Kec. Makasar, Kota Jakarta Timur, Daerah Khusus Ibukota Jakarta 13610
22;Mushola Ar. Rahman;PVJH+7Q6, Jl. Kp. Baru 1, RT.8/RW.5, Halim Perdanakusuma, Kec. Makasar, Kota Jakarta Timur, Daerah Khusus Ibukota Jakarta 13610
23;Masjid Darul Khoirot;PVXH+XGR, RT.2/RW.8, Kb. Pala, Kec. Makasar, Kota Jakarta Timur, Daerah Khusus Ibukota Jakarta 13650
24;Gor Kecamatan Makasar;Jl. Gelanggang Remaja No.43 1, RT.1/RW.5, Makasar, Kec. Makasar, Kota Jakarta Timur, Daerah Khusus Ibukota Jakarta 13570
25;SD N 01 Kebon Manggis;Jl. TM. Slamet Riyadi II No.7B 7, RT.7/RW.4, Kb. Manggis, Kec. Matraman, Kota Jakarta Timur, Daerah Khusus Ibukota Jakarta 13150
